date;price
20081016;110.0000000
20081017;112.2000000
20081020;107.0000000
20081021;114.0000000
20081022;113.1100000
20081023;105.0000000
20081024;99.9800000
20081028;88.0000000
20081029;98.0000000
20081030;115.0000000
20081031;126.4000000
20081101;137.1300000
20081105;155.1000000
20081106;130.5000000
20081107;123.7000000
20081110;140.0000000
20081111;131.0700000
20081113;99.9900000
20081114;118.6700000
20081117;106.2500000
20081118;96.9900000
20081119;101.9900000
20081120;90.0000000
20081121;96.0000000
20081124;95.0100000
20081125;116.0100000
20081126;109.7300000
20081127;115.5000000
20081128;119.2100000
20081201;117.2500000
20081202;104.9900000
20081203;114.0000000
20081204;110.0000000
20081205;105.0000000
20081208;112.2200000
20081209;115.8100000
20081210;113.5000000
20081211;112.0500000
20081212;110.7500000
20081215;116.3000000
20081216;115.4700000
20081217;117.7700000
20081218;112.9000000
20081219;104.0000000
20081222;105.0500000
20081223;108.0000000
20081224;114.9200000
20081225;110.5600000
20081226;107.6000000
20081229;104.3000000
20081230;105.2600000
20081231;108.4500000
20090111;115.0100000
20090112;110.8800000
20090113;112.6000000
20090114;115.1100000
20090115;106.9900000
20090116;110.0000000
20090119;110.5300000
20090120;105.3000000
20090121;103.0000000
20090122;110.0200000
20090123;103.2000000
20090126;103.0000000
20090127;111.8000000
20090128;111.0100000
20090129;114.2000000
20090130;112.9700000
20090202;113.0000000
20090203;117.0100000
20090204;118.5100000
20090205;117.0000000
20090206;115.2500000
20090209;116.6900000
20090210;125.0000000
20090211;124.9800000
20090212;124.5200000
20090213;122.5600000
20090216;125.4800000
20090217;122.5000000
20090218;113.0000000
20090219;111.9600000
20090220;111.5700000
20090224;109.2100000
20090225;113.7800000
20090226;114.7500000
20090227;117.9900000
20090302;113.1200000
20090303;110.7000000
20090304;112.3500000
20090305;115.4000000
20090306;110.5900000
20090310;114.0000000
20090311;125.4000000
20090312;123.4900000
20090313;126.1300000
20090316;126.7000000
20090317;129.1200000
20090318;127.9100000
20090319;123.0000000
20090320;123.7900000
20090323;128.4900000
20090324;141.0300000
20090325;132.9000000
20090326;139.5600000
20090327;136.4900000
20090330;130.0000000
20090331;124.9900000
20090401;126.0000000
20090402;135.0000000
20090403;139.8200000
20090406;141.0100000
20090407;137.2600000
20090408;132.8600000
20090409;143.0300000
20090410;149.0000000
20090413;146.8200000
20090414;143.3100000
20090415;142.0900000
20090416;143.5100000
20090417;144.1100000
20090420;143.0100000
20090421;132.6900000
20090422;135.5500000
20090423;140.0100000
20090424;149.0100000
20090427;148.4100000
20090428;142.7000000
20090429;143.9900000
20090430;150.8900000
20090504;151.0200000
20090505;156.5000000
20090506;159.9900000
20090507;172.9800000
20090508;173.0300000
20090512;169.9900000
20090513;181.1800000
20090514;163.9700000
20090515;168.0300000
20090518;162.9700000
20090519;175.2000000
20090520;176.5000000
20090521;180.0000000
20090522;172.3400000
20090525;174.5000000
20090526;169.9700000
20090527;173.2100000
20090528;170.1500000
20090529;175.7500000
20090601;182.8400000
20090602;192.0000000
20090603;191.5100000
20090604;174.9700000
20090605;181.0100000
20090608;178.8200000
20090609;178.7000000
20090610;182.5000000
20090611;183.5000000
20090615;179.1400000
20090616;172.0500000
20090617;175.4000000
20090618;163.9900000
20090619;160.9300000
20090622;160.8600000
20090623;147.0200000
20090624;146.7900000
20090625;155.0000000
20090626;152.2000000
20090629;149.3900000
20090630;160.8100000
20090701;157.4100000
20090702;163.8700000
20090703;157.2600000
20090706;151.6600000
20090707;145.9700000
20090708;140.9900000
20090709;139.9900000
20090710;138.5900000
20090713;132.0600000
20090714;137.9700000
20090715;136.8200000
20090716;147.0100000
20090717;146.5000000
20090720;155.0000000
20090721;157.2100000
20090722;160.0800000
20090723;159.9900000
20090724;167.5000000
20090727;166.8400000
20090728;163.8700000
20090729;151.9000000
20090730;153.3000000
20090731;164.6100000
20090803;164.5900000
20090804;168.0500000
20090805;169.4300000
20090806;169.5400000
20090807;168.2100000
20090810;173.4000000
20090811;170.3000000
20090812;162.7700000
20090813;167.2000000
20090814;165.9900000
20090817;156.1200000
20090818;155.0200000
20090819;151.4700000
20090820;155.0900000
20090821;155.4000000
20090824;170.0000000
20090825;165.1400000
20090826;168.9800000
20090827;166.1600000
20090828;165.8900000
20090831;164.5000000
20090901;164.5000000
20090902;160.7800000
20090903;160.3000000
20090904;159.5100000
20090907;159.6000000
20090908;161.8800000
20090909;165.8000000
20090910;172.1500000
20090911;174.8400000
20090914;170.0100000
20090915;173.1000000
20090916;179.0500000
20090917;184.4100000
20090918;179.1400000
20090921;180.4500000
20090922;177.5600000
20090923;182.9800000
20090924;178.3600000
20090925;178.8900000
20090928;175.1900000
20090929;181.1500000
20090930;180.0000000
20091001;176.8900000
20091002;173.4000000
20091005;172.0000000
20091006;173.3500000
20091007;175.9900000
20091008;176.0000000
20091009;179.3000000
20091012;183.5100000
20091013;192.7700000
20091014;194.6900000
20091015;204.5600000
20091016;200.0800000
20091019;193.9700000
20091020;198.9000000
20091021;194.9100000
20091022;194.0000000
20091023;195.1000000
20091026;192.5100000
20091027;192.1100000
20091028;188.5700000
20091029;176.9600000
20091030;185.4900000
20091102;174.3100000
20091103;178.9900000
20091105;176.0000000
20091106;180.4000000
20091109;177.0700000
20091110;181.4500000
20091111;183.3700000
20091112;180.9400000
20091113;177.2500000
20091116;182.0000000
20091117;185.2900000
20091118;184.8700000
20091119;183.6500000
20091120;181.3200000
20091123;180.9000000
20091124;177.0000000
20091125;176.5500000
20091126;170.0000000
20091127;161.9000000
20091130;171.9600000
20091201;167.5300000
20091202;168.5000000
20091203;168.6000000
20091204;162.0500000
20091207;166.6200000
20091208;164.5000000
20091209;166.3000000
20091210;165.8800000
20091211;167.1000000
20091214;167.5000000
20091215;167.7200000
20091216;171.7000000
20091217;179.3300000
20091218;177.7000000
20091221;183.2200000
20091222;183.7800000
20091223;183.6600000
20091224;186.0000000
20091225;181.5800000
20091228;182.9100000
20091229;181.6000000
20091230;183.3000000
20091231;182.7800000
20100111;192.5500000
20100112;194.1000000
20100113;189.8000000
20100114;191.1900000
20100115;190.0000000
20100118;186.9700000
20100119;190.1400000
20100120;189.2000000
20100121;187.1600000
20100122;181.4900000
20100125;179.0000000
20100126;180.0100000
20100127;180.7000000
20100128;183.7500000
20100129;180.5200000
20100201;184.7500000
20100202;191.2900000
20100203;194.0000000
20100204;192.6400000
20100205;183.0400000
20100208;181.8000000
20100209;176.9800000
20100210;176.1100000
20100211;173.5300000
20100212;170.4900000
20100215;163.5500000
20100216;165.4700000
20100217;173.7700000
20100218;170.5500000
20100219;164.8000000
20100224;170.0300000
20100225;170.0000000
20100226;166.9000000
20100227;166.7100000
20100301;168.7000000
20100302;167.9800000
20100303;168.8900000
20100304;169.0400000
20100305;174.0600000
20100309;176.6200000
20100310;174.8000000
20100311;173.0100000
20100312;172.4000000
20100315;171.6000000
20100316;169.9500000
20100317;173.0200000
20100318;171.2000000
20100319;171.0100000
20100322;166.3200000
20100323;170.0200000
20100324;168.0000000
20100325;165.0000000
20100326;161.9000000
20100329;160.9500000
20100330;165.3800000
20100331;170.0000000
20100401;172.4600000
20100402;176.1500000
20100405;176.3700000
20100406;175.5100000
20100407;177.4900000
20100408;174.0100000
20100409;175.9800000
20100412;176.1600000
20100413;174.7000000
20100414;175.5700000
20100415;182.8000000
20100416;182.9900000
20100419;177.0000000
20100420;175.7400000
20100421;175.9900000
20100422;172.2500000
20100423;171.5200000
20100426;176.9000000
20100427;176.6900000
20100428;171.6000000
20100429;171.7700000
20100430;175.1000000
20100504;171.4400000
20100505;164.0000000
20100506;162.9800000
20100507;160.1000000
20100511;159.9000000
20100512;159.4900000
20100513;166.9900000
20100514;161.2700000
20100517;156.8800000
20100518;162.1100000
20100519;159.8000000
20100520;157.7300000
20100521;151.0500000
20100524;151.9800000
20100525;145.7700000
20100526;145.7800000
20100527;157.9900000
20100528;159.1700000
20100531;157.5100000
20100601;158.1900000
20100602;157.2100000
20100603;166.4700000
20100604;166.1000000
20100607;158.1900000
20100608;161.5000000
20100609;159.0000000
20100610;159.1500000
20100611;158.7900000
20100615;157.1900000
20100616;161.0000000
20100617;158.4500000
20100618;157.1200000
20100621;161.7600000
20100622;161.2000000
20100623;158.0100000
20100624;159.0000000
20100625;154.4100000
20100628;153.0000000
20100629;152.1300000
20100630;149.9700000
20100701;146.9800000
20100702;144.8000000
20100705;147.9500000
20100706;149.4700000
20100707;150.6600000
20100708;154.7100000
20100709;153.0300000
20100712;153.6800000
20100713;155.8000000
20100714;160.2300000
20100715;157.8900000
20100716;157.5700000
20100719;155.0900000
20100720;157.6900000
20100721;156.8600000
20100722;157.2000000
20100723;162.5000000
20100726;162.4900000
20100727;162.1000000
20100728;164.8000000
20100729;162.3200000
20100730;164.5000000
20100802;163.9900000
20100803;169.4800000
20100804;165.6500000
20100805;167.5500000
20100806;167.6100000
20100809;167.7400000
20100810;168.7800000
20100811;165.1400000
20100812;161.8500000
20100813;163.4100000
20100816;161.1900000
20100817;163.3700000
20100818;163.9000000
20100819;163.5000000
20100820;160.1000000
20100823;159.2500000
20100824;157.8200000
20100825;156.6000000
20100826;157.4200000
20100827;157.9100000
20100830;159.9500000
20100831;157.5400000
20100901;159.6000000
20100902;161.7900000
20100903;162.9900000
20100906;164.1100000
20100907;162.4500000
20100908;160.8700000
20100909;163.7000000
20100910;165.3400000
20100913;166.2400000
20100914;164.5100000
20100915;162.9500000
20100916;163.0700000
20100917;164.6000000
20100920;162.4700000
20100921;163.3700000
20100922;162.9500000
20100923;161.0900000
20100924;158.7700000
20100927;159.4700000
20100928;157.0700000
20100929;157.5000000
20100930;157.8500000
20101001;160.0000000
20101004;161.4000000
20101005;162.0000000
20101006;163.5000000
20101007;163.2700000
20101008;162.2800000
20101011;164.0100000
20101012;163.4000000
20101013;163.8600000
20101014;165.5300000
20101015;162.3500000
20101018;160.2400000
20101019;163.3900000
20101020;161.4700000
20101021;162.1100000
20101022;165.3000000
20101025;170.0100000
20101026;169.5500000
20101027;168.1500000
20101028;167.7100000
20101029;166.8200000
20101101;169.9900000
20101102;169.9300000
20101103;170.2600000
20101108;174.3800000
20101109;174.0200000
20101110;175.0400000
20101111;175.3900000
20101112;170.9900000
20101113;171.1800000
20101115;172.0000000
20101116;170.8200000
20101117;168.4500000
20101118;169.5700000
20101119;170.6900000
20101122;172.9800000
20101123;168.9700000
20101124;168.2000000
20101125;170.5000000
20101126;171.8300000
20101129;175.5000000
20101130;173.6600000
20101201;174.7000000
20101202;184.0500000
20101203;189.2000000
20101206;191.1100000
20101207;194.9900000
20101208;191.3500000
20101209;192.8500000
20101210;192.8300000
20101213;194.1000000
20101214;195.0400000
20101215;196.5600000
20101216;194.6600000
20101217;194.0000000
20101220;193.8400000
20101221;195.2500000
20101222;196.2100000
20101223;197.1100000
20101224;196.3900000
20101227;195.0800000
20101228;195.1900000
20101229;194.7100000
20101230;192.5200000
20110111;193.9200000
20110112;194.9800000
20110113;200.6500000
20110114;196.8900000
20110117;195.9900000
20110118;199.0000000
20110119;199.6400000
20110120;196.5300000
20110121;194.6800000
20110124;193.5700000
20110125;190.4200000
20110126;190.8000000
20110127;197.8800000
20110128;200.5300000
20110131;198.4800000
20110201;198.4300000
20110202;205.5000000
20110203;210.4200000
20110204;208.3000000
20110207;213.9000000
20110208;213.2000000
20110209;211.5400000
20110210;214.0300000
20110211;208.3100000
20110214;210.0100000
20110215;203.7100000
20110216;200.0200000
20110217;200.5200000
20110218;196.2800000
20110221;196.2900000
20110222;197.5000000
20110224;199.8000000
20110225;208.9000000
20110228;210.2900000
20110301;212.3700000
20110302;208.3000000
20110303;212.6200000
20110304;214.2400000
20110305;213.0800000
20110309;214.3900000
20110310;213.5500000
20110311;205.9000000
20110314;208.0900000
20110315;212.9900000
20110316;219.3400000
20110317;221.6500000
20110318;226.5300000
20110321;225.0200000
20110322;222.6700000
20110323;219.6100000
20110324;223.8900000
20110325;224.8700000
20110328;223.0100000
20110329;225.9000000
20110330;225.5100000
20110331;229.3800000
20110401;229.1000000
20110404;235.9800000
20110405;238.4600000
20110406;239.0900000
20110407;238.3000000
20110408;239.6700000
20110411;243.5100000
20110412;240.7000000
20110413;236.1700000
20110414;234.6400000
20110415;228.6300000
20110418;227.7000000
20110419;221.2200000
20110420;227.4000000
20110421;233.1100000
20110422;235.3500000
20110425;238.0300000
20110426;232.7300000
20110427;234.2500000
20110428;235.0100000
20110429;230.7400000
20110503;231.0200000
20110504;222.1000000
20110505;213.6100000
20110506;206.3200000
20110510;210.6800000
20110511;215.2700000
20110512;208.2100000
20110513;204.0100000
20110516;199.2800000
20110517;198.6100000
20110518;200.9000000
20110519;203.3000000
20110520;202.0000000
20110523;194.9900000
20110524;191.3400000
20110525;193.4400000
20110526;198.1700000
20110527;196.6900000
20110530;201.8000000
20110531;205.2200000
20110601;205.4200000
20110602;200.6700000
20110603;201.4000000
20110606;196.5000000
20110607;195.5700000
20110608;204.0000000
20110609;207.6600000
20110610;211.0000000
20110614;210.6000000
20110615;208.3700000
20110616;203.5700000
20110617;203.4900000
20110620;199.2900000
20110621;200.6700000
20110622;201.5500000
20110623;200.7600000
20110624;200.0000000
20110627;198.5100000
20110628;197.4500000
20110629;199.7700000
20110630;202.2200000
20110701;203.5600000
20110704;205.9000000
20110705;204.4400000
20110706;204.1000000
20110707;203.3000000
20110708;207.1100000
20110711;204.3000000
20110712;200.6100000
20110713;202.0600000
20110714;201.7700000
20110715;200.1900000
20110718;201.3600000
20110719;198.9700000
20110720;201.1800000
20110721;200.8200000
20110722;204.3300000
20110725;200.8900000
20110726;201.2100000
20110727;201.6000000
20110728;199.6100000
20110729;200.5100000
20110801;202.5100000
20110802;201.6000000
20110803;198.8000000
20110804;194.5500000
20110805;180.1100000
20110808;175.3100000
20110809;162.8800000
20110810;170.5000000
20110811;161.5400000
20110812;166.3900000
20110815;171.6000000
20110816;172.4700000
20110817;171.6600000
20110818;172.9400000
20110819;166.2500000
20110822;166.9000000
20110823;170.3500000
20110824;170.6400000
20110825;173.7100000
20110826;171.8000000
20110829;174.8000000
20110830;178.2500000
20110831;178.2400000
20110901;177.8900000
20110902;175.1200000
20110905;169.2500000
20110906;167.9200000
20110907;171.0300000
20110908;174.3700000
20110909;174.1100000
20110912;166.1400000
20110913;167.0400000
20110914;163.0000000
20110915;168.1600000
20110916;167.7300000
20110919;163.4000000
20110920;163.2900000
20110921;165.8000000
20110922;161.5000000
20110923;151.1000000
20110926;148.7000000
20110927;157.9700000
20110928;155.4200000
20110929;153.5800000
20110930;158.1100000
20111003;152.4400000
20111004;151.9200000
20111005;148.1100000
20111006;144.8500000
20111007;152.2300000
20111010;151.9700000
20111011;154.8800000
20111012;152.5000000
20111013;160.5600000
20111014;159.5100000
20111017;164.3200000
20111018;158.3200000
20111019;163.0100000
20111020;160.8400000
20111021;163.3000000
20111024;167.0700000
20111025;169.7000000
20111026;167.7000000
20111027;181.0300000
20111028;187.2000000
20111031;183.1000000
20111101;176.9000000
20111102;175.9000000
20111103;180.3500000
20111107;184.0500000
20111108;183.6000000
20111109;184.8900000
20111110;178.4000000
20111111;184.5500000
20111114;184.9500000
20111115;182.7000000
20111116;184.4200000
20111117;187.2000000
20111118;181.0000000
20111121;177.9700000
20111122;170.0500000
20111123;167.0000000
20111124;167.3400000
20111125;165.3300000
20111128;168.0800000
20111129;172.9800000
20111130;170.3000000
20111201;176.1100000
20111202;183.0000000
20111205;183.8500000
20111206;183.0000000
20111207;176.4900000
20111208;175.9900000
20111209;173.9900000
20111212;172.5000000
20111213;163.9300000
20111214;165.6600000
20111215;162.5100000
20111216;172.0900000
20111219;168.3700000
20111220;165.8500000
20111221;173.4800000
20111222;169.8900000
20111223;171.5200000
20111226;170.5900000
20111227;171.4000000
20111228;170.1200000
20111229;168.7700000
20111230;170.9000000
20120103;172.5300000
20120104;177.5500000
20120105;177.0100000
20120106;177.0000000
20120109;175.9500000
20120110;177.9200000
20120111;178.8600000
20120112;178.4800000
20120113;178.3000000
20120116;177.4500000
20120117;179.6700000
20120118;181.3200000
20120119;183.8500000
20120120;186.0500000
20120123;183.4000000
20120124;183.7000000
20120125;184.4000000
20120126;186.9700000
20120127;184.5000000
20120130;181.6300000
20120131;183.0000000
20120201;183.0000000
20120202;186.3000000
20120203;187.0000000
20120206;189.9000000
20120207;190.1700000
20120208;189.3300000
20120209;189.2000000
20120210;187.9100000
20120213;189.2000000
20120214;191.6400000
20120215;192.9900000
20120216;190.1400000
20120217;191.9000000
20120220;191.0700000
20120221;190.9800000
20120222;189.3000000
20120224;188.6400000
20120227;193.0700000
20120228;194.3000000
20120229;192.4000000
20120301;192.6500000
20120302;194.7400000
20120305;195.8900000
20120306;198.6700000
20120307;192.2500000
20120311;196.5700000
20120312;196.7700000
20120313;198.3000000
20120314;199.5500000
20120315;197.9900000
20120316;199.3000000
20120319;197.8600000
20120320;191.4000000
20120321;186.5000000
20120322;185.0500000
20120323;182.0000000
20120326;183.2000000
20120327;185.7500000
20120328;182.0000000
20120329;179.7700000
20120330;179.3500000
20120402;182.2000000
20120403;183.0000000
20120404;183.2700000
20120405;181.7500000
20120406;182.5400000
20120409;178.0500000
20120410;179.7200000
20120411;175.5000000
20120412;176.6700000
20120413;176.6000000
20120416;177.0000000
20120417;174.7100000
20120418;172.2500000
20120419;169.5700000
20120420;170.8800000
20120423;171.3000000
20120424;167.2300000
20120425;164.9400000
20120426;165.5000000
20120427;164.0900000
20120428;168.5900000
20120502;170.4800000
20120503;167.6000000
20120504;168.4500000
20120505;162.3000000
20120507;161.4900000
20120508;165.9900000
20120510;165.0000000
20120511;159.3200000
20120512;157.7700000
20120514;157.9200000
20120515;149.9000000
20120516;146.0700000
20120517;146.7900000
20120518;140.0000000
20120521;139.0000000
20120522;143.2200000
20120523;141.4000000
20120524;140.1200000
20120525;141.5000000
20120528;144.4400000
20120529;145.0100000
20120530;147.7000000
20120531;148.3100000
20120601;147.0100000
20120604;146.7500000
20120605;152.5900000
20120606;151.3900000
20120607;151.3300000
20120608;150.1700000
20120609;152.2200000
20120613;152.0300000
20120614;151.9100000
20120615;152.5800000
20120618;158.0300000
20120619;157.3100000
20120620;158.8000000
20120621;156.9100000
20120622;154.4700000
20120625;154.7800000
20120626;151.5500000
20120627;151.8900000
20120628;154.0800000
20120629;153.0000000
20120702;153.8200000
20120703;155.8500000
20120704;158.9000000
20120705;158.8000000
20120706;156.9800000
20120709;155.4100000
20120710;154.0100000
20120711;154.7700000
20120712;153.4200000
20120713;153.1500000
20120716;153.2000000
20120717;154.3000000
20120718;155.8600000
20120719;155.6800000
20120720;156.2900000
20120723;151.9900000
20120724;149.3500000
20120725;144.9400000
20120726;146.5000000
20120727;149.2600000
20120730;153.4000000
20120731;154.8500000
20120801;150.1200000
20120802;149.5800000
20120803;148.0000000
20120806;151.5000000
20120807;154.7200000
20120808;155.7600000
20120809;155.8200000
20120810;154.4200000
20120813;154.0400000
20120814;155.5000000
20120815;156.3100000
20120816;155.4000000
20120817;157.5600000
20120820;157.0100000
20120821;154.6400000
20120822;155.5700000
20120823;157.6000000
20120824;156.2600000
20120827;157.3900000
20120828;156.0000000
20120829;156.6600000
20120830;155.6000000
20120831;155.0300000
20120903;157.2000000
20120904;158.4300000
20120905;157.1700000
20120906;155.0600000
20120907;159.2000000
20120910;162.9000000
20120911;162.9000000
20120912;164.1000000
20120913;163.2000000
20120914;166.9200000
20120917;169.4000000
20120918;168.5000000
20120919;168.2800000
20120920;163.5000000
20120921;165.5400000
20120924;163.2200000
20120925;162.8900000
20120926;160.0000000
20120927;158.1800000
20120928;158.9600000
20121001;157.1700000
20121002;160.4000000
20121003;158.5500000
20121004;158.8800000
20121005;157.5000000
20121008;158.1000000
20121009;159.5000000
20121010;156.7000000
20121011;154.8000000
20121012;154.4700000
20121015;152.0000000
20121016;153.5000000
20121017;154.1500000
20121018;156.3000000
20121019;154.8500000
20121022;153.8700000
20121023;156.3000000
20121024;153.7500000
20121025;152.7800000
20121026;151.6000000
20121029;151.0900000
20121030;150.3300000
20121031;147.0700000
20121101;144.8700000
20121102;144.6000000
20121106;146.0100000
20121107;146.5400000
20121108;142.2000000
20121109;142.7100000
20121112;146.0200000
20121113;144.0000000
20121114;140.0100000
20121115;138.3500000
20121116;141.2100000
20121119;140.6500000
20121120;142.5000000
20121121;140.7600000
20121122;143.0200000
20121123;142.1100000
20121126;141.9000000
20121127;140.8000000
20121128;137.8700000
20121129;138.4900000
20121130;137.5000000
20121203;139.4000000
20121204;139.8000000
20121205;140.1900000
20121206;140.4500000
20121207;139.8900000
20121210;139.9800000
20121211;140.3300000
20121212;140.2000000
20121213;140.9100000
20121214;139.3500000
20121217;139.6500000
20121218;140.4700000
20121219;141.0000000
20121220;139.4700000
20121221;141.5000000
20121224;144.4100000
20121225;145.0000000
20121226;145.0000000
20121227;144.8000000
20121228;144.8000000
20130108;146.2000000
20130109;147.2700000
20130110;149.0000000
20130111;147.7000000
20130114;148.5500000
20130115;149.3200000
20130116;147.6700000
20130117;146.5000000
20130118;148.4000000
20130121;148.4100000
20130122;147.9000000
20130123;146.2500000
20130124;146.4000000
20130125;146.1400000
20130128;146.8700000
20130129;147.2000000
20130130;146.5500000
20130131;143.6400000
20130201;142.4400000
20130204;142.8000000
20130205;141.1000000
20130206;142.0000000
20130207;140.2300000
20130208;139.3000000
20130211;137.8000000
20130212;135.0200000
20130213;133.9500000
20130214;137.2000000
20130215;134.2000000
20130218;134.0000000
20130219;136.0000000
20130220;137.9800000
20130221;135.7600000
20130222;136.3200000
20130225;137.0500000
20130226;136.5000000
20130227;136.9000000
20130228;138.3600000
20130301;136.7400000
20130304;134.2200000
20130305;133.5300000
20130306;136.5000000
20130307;134.9700000
20130311;135.0200000
20130312;136.8000000
20130313;136.9000000
20130314;140.5000000
20130315;142.8100000
20130318;142.9700000
20130319;144.4000000
20130320;141.8700000
20130321;142.6200000
20130322;142.0500000
20130325;140.9100000
20130326;138.9600000
20130327;137.4100000
20130328;135.4200000
20130329;133.8300000
20130401;133.8800000
20130402;133.0100000
20130403;130.9500000
20130404;129.2900000
20130405;131.0100000
20130408;131.0700000
20130409;129.9900000
20130410;131.1300000
20130411;130.0000000
20130412;125.9900000
20130415;125.9800000
20130416;124.8900000
20130417;124.7000000
20130418;121.6000000
20130419;121.0700000
20130422;120.4900000
20130423;119.5000000
20130424;120.6000000
20130425;125.0000000
20130426;122.8000000
20130429;123.1200000
20130430;122.9000000
20130502;122.9600000
20130503;123.6900000
20130506;128.8800000
20130507;129.4800000
20130508;130.5500000
20130510;132.2900000
20130513;132.4900000
20130514;126.0000000
20130515;125.7000000
20130516;123.2400000
20130517;123.2000000
20130520;125.8200000
20130521;126.1000000
20130522;127.0300000
20130523;125.7800000
20130524;122.2400000
20130527;120.8000000
20130528;120.3900000
20130529;120.4100000
20130530;118.6300000
20130531;120.4800000
20130603;122.6100000
20130604;121.1500000
20130605;119.1200000
20130606;117.9500000
20130607;117.9500000
20130610;117.8400000
20130611;116.2000000
20130613;110.0400000
20130614;111.2500000
20130617;110.0000000
20130618;110.9000000
20130619;113.1300000
20130620;109.0600000
20130621;108.0000000
20130624;108.3000000
20130625;107.2500000
20130626;108.7500000
20130627;110.7200000
20130628;107.8400000
20130701;109.1200000
20130702;109.3000000
20130703;108.8200000
20130704;109.5700000
20130705;113.4900000
20130708;114.4000000
20130709;114.3300000
20130710;114.2900000
20130711;114.6700000
20130712;117.5900000
20130715;122.0500000
20130716;122.8000000
20130717;124.5900000
20130718;131.3700000
20130719;130.0000000
20130722;130.0500000
20130723;129.8100000
20130724;128.5100000
20130725;126.7200000
20130726;128.7100000
20130729;128.7000000
20130730;129.9300000
20130731;129.7600000
20130801;129.5000000
20130802;131.0200000
20130805;128.3700000
20130806;128.1500000
20130807;125.5000000
20130808;125.4000000
20130809;125.5600000
20130812;128.6400000
20130813;129.5700000
20130814;132.6200000
20130815;134.3300000
20130816;131.3800000
20130819;130.8000000
20130820;131.7300000
20130821;132.4900000
20130822;131.5500000
20130823;134.4000000
20130826;133.7700000
20130827;131.9100000
20130828;131.2500000
20130829;132.4000000
20130830;131.8000000
20130902;132.2000000
20130903;131.9700000
20130904;131.1200000
20130905;132.4000000
20130906;140.0100000
20130909;142.5200000
20130910;148.4000000
20130911;146.4600000
20130912;147.0200000
20130913;144.6000000
20130916;143.0500000
20130917;144.8800000
20130918;146.0100000
20130919;148.0300000
20130920;147.5300000
20130923;147.6000000
20130924;145.3000000
20130925;144.4600000
20130926;145.3600000
20130927;146.1000000
20130930;144.0000000
20131001;144.0900000
20131002;145.8400000
20131003;143.6000000
20131004;142.2400000
20131007;143.9900000
20131008;147.4000000
20131009;151.0100000
20131010;151.7200000
20131011;153.9000000
20131014;152.8400000
20131015;153.5300000
20131016;155.9000000
20131017;158.4600000
20131018;156.2400000
20131021;157.5600000
20131022;155.9000000
20131023;153.4800000
20131024;150.7300000
20131025;150.4000000
20131028;151.1100000
20131029;150.2900000
20131030;151.6800000
20131031;149.5300000
20131101;150.4000000
20131105;150.8400000
20131106;149.6000000
20131107;146.9600000
20131108;149.4300000
20131111;148.3600000
20131112;144.9900000
20131113;145.6100000
20131114;143.9300000
20131115;147.0000000
20131118;147.6100000
20131119;149.7300000
20131120;148.3600000
20131121;149.0000000
20131122;149.3000000
20131125;149.8300000
20131126;148.2000000
20131127;143.3000000
20131128;142.9700000
20131129;142.3000000
20131202;142.9700000
20131203;141.0100000
20131204;139.0600000
20131205;137.0200000
20131206;135.7100000
20131209;137.7500000
20131210;138.6000000
20131211;137.1000000
20131212;135.7500000
20131213;134.1800000
20131216;132.7000000
20131217;136.5000000
20131218;139.0000000
20131219;141.0100000
20131220;140.4500000
20131223;142.2200000
20131224;141.6000000
20131225;141.7500000
20131226;141.0000000
20131227;140.6000000
20131230;138.8000000
20140106;137.5800000
20140108;136.6200000
20140109;137.3300000
20140110;138.4800000
20140113;139.7000000
20140114;138.1600000
20140115;138.1300000
20140116;137.9000000
20140117;137.3000000
20140120;137.3500000
20140121;140.0600000
20140122;145.7200000
20140123;145.2000000
20140124;144.3200000
20140127;146.0000000
20140128;147.6700000
20140129;147.9300000
20140130;147.8000000
20140131;147.3200000
20140203;145.4000000
20140204;140.3600000
20140205;141.2900000
20140206;142.3000000
20140207;144.2600000
20140210;146.8700000
20140211;147.0300000
20140212;148.2000000
20140213;147.8100000
20140214;146.6600000
20140217;149.8500000
20140218;151.5100000
20140219;152.6500000
20140220;146.7000000
20140221;148.9600000
20140224;149.2000000
20140225;149.6000000
20140226;146.5100000
20140227;143.7500000
20140228;140.9700000
20140303;134.8800000
20140304;121.0100000
20140305;130.6400000
20140306;125.9000000
20140307;123.8800000
20140311;123.4800000
20140312;119.8500000
20140313;120.3200000
20140314;117.0300000
20140317;119.9500000
20140318;121.6600000
20140319;127.2000000
20140320;124.8400000
20140321;124.4000000
20140324;124.5800000
20140325;124.0000000
20140326;128.5500000
20140327;132.0000000
20140328;131.4000000
20140331;132.9000000
20140401;135.8000000
20140402;135.7500000
20140403;134.9700000
20140404;134.7500000
20140407;136.0100000
20140408;134.0500000
20140409;133.3000000
20140410;132.8600000
20140411;132.9600000
20140414;133.1200000
20140415;130.5600000
20140416;128.0200000
20140417;129.3600000
20140418;132.5000000
20140421;133.8600000
20140422;132.7700000
20140423;131.5000000
20140424;130.4900000
20140425;125.9700000
20140428;124.4100000
20140429;129.5000000
20140430;128.5100000
20140502;127.9000000
20140505;126.2900000
20140506;126.5000000
20140507;128.9600000
20140508;134.2000000
20140512;136.0600000
20140513;136.1100000
20140514;138.4300000
20140515;139.9800000
20140516;140.8000000
20140519;144.5000000
20140520;148.3400000
20140521;144.5000000
20140522;146.9500000
20140523;144.4000000
20140526;145.0100000
20140527;145.8000000
20140528;142.4500000
20140529;141.8200000
20140530;144.4400000
20140602;141.9800000
20140603;143.5600000
20140604;144.0000000
20140605;143.8000000
20140606;143.2600000
20140609;144.0200000
20140610;144.4000000
20140611;144.7500000
20140616;143.9200000
20140617;145.3000000
20140618;144.9000000
20140619;146.4000000
20140620;145.0500000
20140623;146.2200000
20140624;147.6600000
20140625;152.4500000
20140626;149.7000000
20140627;148.0100000
20140630;149.8000000
20140701;148.5200000
20140702;149.0900000
20140703;152.0200000
20140704;153.0000000
20140707;149.1000000
20140708;150.5900000
20140709;151.1100000
20140710;150.8000000
20140711;148.8600000
20140714;148.4600000
20140715;147.8200000
20140716;140.3500000
20140717;140.5000000
20140718;137.9600000
20140721;140.1900000
20140722;136.7800000
20140723;138.1000000
20140724;136.0000000
20140725;136.5000000
20140728;134.6000000
20140729;132.4000000
20140730;130.4400000
20140731;134.0000000
20140801;131.5000000
20140804;132.0000000
20140805;129.9800000
20140806;126.2000000
20140807;124.0400000
20140808;126.8000000
20140811;128.0100000
20140812;128.6200000
20140813;127.8000000
20140814;131.2000000
20140815;131.2800000
20140818;132.8200000
20140819;134.2900000
20140820;136.2000000
20140821;136.5800000
20140822;136.5200000
20140825;135.0600000
20140826;136.2500000
20140827;135.8800000
20140828;135.6000000
20140829;133.5000000
20140901;132.7100000
20140902;132.6800000
20140903;133.3500000
20140904;138.2900000
20140905;137.2700000
20140908;138.7800000
20140909;139.3000000
20140910;138.3900000
20140911;139.7000000
20140912;136.5000000
20140915;137.2500000
20140916;136.0200000
20140917;138.4900000
20140918;137.2500000
20140919;137.9200000
20140922;135.7000000
20140923;135.5500000
20140924;136.9700000
20140925;138.2600000
20140926;136.5000000
20140929;138.0000000
20140930;136.2400000
20141001;137.4800000
20141002;136.7700000
20141003;134.9500000
20141006;136.6200000
20141007;139.0100000
20141008;136.2000000
20141009;136.2000000
20141010;134.2800000
20141013;132.9600000
20141014;135.3000000
20141015;134.8800000
20141016;135.0200000
20141017;133.5000000
20141020;135.2000000
20141021;134.0000000
20141022;134.5100000
20141023;132.8500000
20141024;133.4600000
20141027;135.0000000
20141028;134.3000000
20141029;136.1800000
20141030;138.1200000
20141031;140.5000000
20141103;140.9600000
20141105;143.0200000
20141106;143.2900000
20141107;143.5000000
20141110;145.4500000
20141111;144.9700000
20141112;144.1400000
20141113;143.8000000
20141114;141.5000000
20141117;142.4500000
20141118;143.1100000
20141119;143.2200000
20141120;144.1800000
20141121;144.5200000
20141124;145.7200000
20141125;144.4400000
20141126;144.0100000
20141127;145.3200000
20141128;143.0000000
20141201;142.4000000
20141202;144.3900000
20141203;145.3000000
20141204;146.3900000
20141205;144.5000000
20141208;141.2500000
20141209;135.1500000
20141210;135.8000000
20141211;135.9500000
20141212;133.2300000
20141215;135.2000000
20141216;129.3900000
20141217;130.9800000
20141218;132.3700000
20141219;137.1500000
20141222;138.8500000
20141223;136.8000000
20141224;133.4000000
20141225;133.8500000
20141226;135.1000000
20141229;134.5600000
20141230;134.4700000
20150105;129.6000000
20150106;132.9900000
20150108;140.0600000
20150109;146.4600000
20150112;141.3700000
20150113;140.2000000
20150114;141.9900000
20150115;147.5100000
20150116;145.9900000
20150119;149.5900000
20150120;148.3000000
20150121;146.9000000
20150122;149.0100000
20150123;152.3100000
20150126;151.9400000
20150127;146.5200000
20150128;151.3700000
20150129;147.1900000
20150130;145.5600000
20150202;144.7200000
20150203;139.2200000
20150204;141.2200000
20150205;141.9600000
20150206;148.0000000
20150209;151.7500000
20150210;148.8800000
20150211;150.3000000
20150212;152.5000000
20150213;158.2000000
20150216;162.4000000
20150217;159.9800000
20150218;160.5300000
20150219;163.0300000
20150220;161.5100000
20150224;154.7900000
20150225;154.8200000
20150226;151.0500000
20150227;151.1500000
20150302;152.7200000
20150303;155.2500000
20150304;158.9500000
20150305;154.7800000
20150306;155.3000000
20150310;151.3000000
20150311;148.0700000
20150312;147.0000000
20150313;145.1000000
20150316;141.1100000
20150317;140.7000000
20150318;140.1000000
20150319;141.1400000
20150320;137.1000000
20150323;137.0100000
20150324;134.3100000
20150325;137.2100000
20150326;135.9000000
20150327;132.5000000
20150330;134.4800000
20150331;136.8300000
20150401;138.4500000
20150402;143.3200000
20150403;144.0000000
20150406;144.0400000
20150407;145.4000000
20150408;145.8300000
20150409;146.9600000
20150410;148.3000000
20150413;148.2500000
20150414;148.2500000
20150415;144.4500000
20150416;150.6000000
20150417;152.5000000
20150420;149.9000000
20150421;153.5000000
20150422;155.2300000
20150423;150.9900000
20150424;150.0000000
20150427;153.9600000
20150428;151.8900000
20150429;152.8000000
20150430;152.5800000
20150505;154.2000000
20150506;156.3900000
20150507;154.5400000
20150508;152.0000000
20150512;155.4100000
20150513;154.3000000
20150514;151.8300000
20150515;152.4700000
20150518;153.0200000
20150519;151.9900000
20150520;149.8600000
20150521;146.3500000
20150522;147.3000000
20150525;148.6300000
20150526;147.3000000
20150527;145.6200000
20150528;147.5600000
20150529;146.3000000
20150601;140.1300000
20150602;139.8000000
20150603;141.0000000
20150604;140.9600000
20150605;140.3000000
20150608;142.5800000
20150609;142.9200000
20150610;146.4000000
20150611;146.0000000
20150615;144.5000000
20150616;144.9500000
20150617;146.3000000
20150618;147.7200000
20150619;147.3000000
20150622;147.4700000
20150623;148.7200000
20150624;146.7100000
20150625;146.1700000
20150626;143.7000000
20150629;143.8000000
20150630;143.4800000
20150701;145.5100000
20150702;145.5100000
20150703;145.8300000
20150706;143.5200000
20150707;142.7500000
20150708;142.5000000
20150709;141.9000000
20150710;144.0000000
20150713;143.6000000
20150714;145.3100000
20150715;141.4900000
20150716;142.5900000
20150717;143.6900000
20150720;143.9600000
20150721;141.5000000
20150722;140.9500000
20150723;140.6000000
20150724;138.1100000
20150727;136.1500000
20150728;134.4000000
20150729;135.2000000
20150730;138.5000000
20150731;139.4300000
20150803;142.0000000
20150804;141.2300000
20150805;142.2400000
20150806;143.0600000
20150807;141.0700000
20150810;141.2500000
20150811;141.5000000
20150812;141.2200000
20150813;143.3000000
20150814;143.7000000
20150817;144.4900000
20150818;143.6200000
20150819;142.5000000
20150820;140.1000000
20150821;141.5300000
20150824;139.0000000
20150825;135.7200000
20150826;140.2100000
20150827;141.8500000
20150828;145.3000000
20150831;145.8900000
20150901;148.1900000
20150902;144.1000000
20150903;143.6800000
20150904;144.9000000
20150907;142.5100000
20150908;142.2700000
20150909;144.3000000
20150910;143.6100000
20150911;143.2600000
20150914;142.2600000
20150915;143.5500000
20150916;142.4000000
20150917;142.9900000
20150918;143.3400000
20150921;140.1100000
20150922;139.7100000
20150923;136.4000000
20150924;134.5700000
20150925;132.6100000
20150928;134.1000000
20150929;130.6000000
20150930;133.8100000
20151001;134.6800000
20151002;132.7700000
20151005;132.4900000
20151006;136.9400000
20151007;138.0800000
20151008;139.3100000
20151009;140.6300000
20151012;143.8800000
20151013;141.0200000
20151014;141.1700000
20151015;142.3400000
20151016;143.7200000
20151019;140.8200000
20151020;140.7200000
20151021;140.2900000
20151022;139.3900000
20151023;139.7000000
20151026;139.1000000
20151027;137.3700000
20151028;138.2500000
20151029;138.2500000
20151030;136.0400000
20151102;135.4600000
20151103;137.6900000
20151105;141.8800000
20151106;140.9100000
20151109;138.0800000
20151110;136.4200000
20151111;135.8900000
20151112;135.1000000
20151113;136.4400000
20151116;136.4400000
20151117;138.2700000
20151118;142.8400000
20151119;148.1400000
20151120;146.2000000
20151123;147.8300000
20151124;151.8200000
20151125;146.0100000
20151126;144.2900000
20151127;142.9900000
20151130;140.4000000
20151201;140.0000000
20151202;137.6000000
20151203;136.5300000
20151204;140.4400000
20151207;137.7000000
20151208;134.3100000
20151209;134.9300000
20151210;135.6500000
20151211;135.2400000
20151214;133.0200000
20151215;132.2400000
20151216;134.5000000
20151217;134.6500000
20151218;137.2700000
20151221;132.2000000
20151222;132.0000000
20151223;133.5200000
20151224;135.8000000
20151225;136.4700000
20151228;134.3500000
20151229;135.2600000
20151230;137.4800000
20160104;135.8900000
20160105;134.8500000
20160106;136.3500000
20160111;132.9700000
20160112;130.5000000
20160113;134.1700000
20160114;130.9700000
20160115;130.3100000
20160118;124.8100000
20160119;125.5100000
20160120;123.6000000
20160121;126.0100000
20160122;129.9900000
20160125;133.1400000
20160126;131.0000000
20160127;132.1900000
20160128;133.8900000
20160129;137.0000000
20160201;136.1700000
20160202;133.0900000
20160203;131.8800000
20160204;133.1600000
20160205;134.5200000
20160208;134.2900000
20160209;132.9800000
20160210;132.0700000
20160211;132.8300000
20160212;131.1400000
20160215;132.0200000
20160216;134.4500000
20160217;135.5000000
20160218;137.3800000
20160219;137.2800000
20160220;136.6200000
20160222;136.9200000
20160224;138.5800000
20160225;137.6200000
20160226;138.8300000
20160229;137.8900000
20160301;141.5100000
20160302;142.6000000
20160303;140.6300000
20160304;144.6100000
20160307;146.8700000
20160309;149.0200000
20160310;147.9300000
20160311;147.0100000
20160314;144.4700000
20160315;143.4000000
20160316;143.0300000
20160317;145.6100000
20160318;147.2600000
20160321;149.5900000
20160322;149.9800000
20160323;149.1900000
20160324;145.2000000
20160325;146.2700000
20160328;146.5400000
20160329;144.7800000
20160330;145.2200000
20160331;147.5000000
20160401;147.0200000
20160404;147.1000000
20160405;145.3500000
20160406;144.8700000
20160407;144.9500000
20160408;144.2200000
20160411;145.7000000
20160412;147.3300000
20160413;149.1000000
20160414;153.3800000
20160415;150.6900000
20160418;145.9900000
20160419;146.4500000
20160420;155.8800000
20160421;164.7000000
20160422;162.1400000
20160425;160.7100000
20160426;159.8200000
20160427;163.8800000
20160428;161.0500000
20160429;164.6000000
20160504;166.3700000
20160505;161.3300000
20160506;160.7000000
20160510;158.7300000
20160511;157.2900000
20160512;160.9500000
20160513;159.4000000
20160516;159.9800000
20160517;155.3900000
20160518;153.3800000
20160519;151.4000000
20160520;149.3300000
20160523;146.2200000
20160524;144.8000000
20160525;146.9200000
20160526;147.2900000
20160527;148.8000000
20160530;149.9700000
20160531;149.7400000
20160601;145.9000000
20160602;144.8600000
20160603;144.3800000
20160606;144.3200000
20160607;146.4400000
20160608;148.0400000
20160609;147.0000000
20160610;144.7000000
20160614;142.3300000
20160615;141.9000000
20160616;141.0000000
20160617;140.2800000
20160620;141.1400000
20160621;142.9800000
20160622;143.7000000
20160623;142.9800000
20160624;139.7700000
20160627;141.0300000
20160628;139.2000000
20160629;139.6100000
20160630;140.0700000
20160701;139.8500000
20160704;140.6000000
20160705;141.7100000
20160706;140.8000000
20160707;140.3300000
20160708;139.6000000
20160711;140.7000000
20160712;141.6000000
20160713;142.0200000
20160714;143.5300000
20160715;143.9500000
20160718;147.4000000
20160719;139.1700000
20160720;139.4800000
20160721;140.0300000
20160722;139.8800000
20160725;140.6000000
20160726;140.9000000
20160727;140.4100000
20160728;139.1500000
20160729;139.5200000
20160801;137.7100000
20160802;137.0000000
20160803;134.4400000
20160804;134.8900000
20160805;136.5500000
20160808;136.0100000
20160809;137.1200000
20160810;137.3600000
20160811;137.1000000
20160812;137.4000000
20160815;138.0300000
20160816;138.0000000
20160817;137.8000000
20160818;137.5000000
20160819;138.5000000
20160822;136.7700000
20160823;137.3200000
20160824;137.2600000
20160825;136.5100000
20160826;135.3000000
20160829;135.4300000
20160830;136.2000000
20160831;135.5500000
20160901;135.0100000
20160902;135.2900000
20160905;136.0100000
20160906;136.8600000
20160907;141.8000000
20160908;143.6100000
20160909;140.8800000
20160912;137.5000000
20160913;138.7600000
20160914;138.3600000
20160915;139.2500000
20160916;137.7000000
20160919;136.8700000
20160920;136.2000000
20160921;137.2100000
20160922;136.8600000
20160923;136.2700000
20160926;136.3800000
20160927;135.5700000
20160928;134.3600000
20160929;135.4000000
20160930;135.0000000
20161003;135.1200000
20161004;135.5100000
20161005;136.3200000
20161006;134.8000000
20161007;135.8100000
20161010;136.1700000
20161011;139.1500000
20161012;138.8300000
20161013;137.7000000
20161014;137.5700000
20161017;136.0800000
20161018;136.0100000
20161019;136.1000000
20161020;135.6900000
20161021;135.1000000
20161024;135.2000000
20161025;135.2900000
20161026;135.1100000
20161027;135.3800000
20161028;134.9900000
20161031;136.3000000
20161101;139.1500000
20161102;141.4900000
20161103;140.7200000
20161107;140.5300000
20161108;138.8100000
20161109;138.0000000
20161110;146.4500000
20161111;147.5000000
20161114;148.5700000
20161115;146.5400000
20161116;147.0300000
20161117;145.8200000
20161118;147.5100000
20161121;147.6000000
20161122;150.2100000
20161123;150.2400000
20161124;149.5300000
20161125;150.9400000
20161128;151.1400000
20161129;148.8400000
20161130;147.9900000
20161201;149.5900000
20161202;152.8000000
20161205;152.1800000
20161206;153.9200000
20161207;151.5600000
20161208;152.4800000
20161209;153.5000000
20161212;154.1800000
20161213;158.3500000
20161214;159.0100000
20161215;155.7700000
20161216;158.4800000
20161219;157.1400000
20161220;154.5500000
20161221;155.4300000
20161222;153.2100000
20161223;150.2800000
20161226;149.0000000
20161227;149.0500000
20161228;150.6000000
20161229;150.7200000
20161230;152.6400000
20170103;154.4600000
20170104;156.9900000
20170105;157.2400000
20170106;154.1200000
20170109;154.2000000
20170110;154.0100000
20170111;157.5100000
20170112;158.3000000
20170113;157.4800000
20170116;157.9800000
20170117;155.8100000
20170118;154.2000000
20170119;153.3000000
20170120;150.8100000
20170123;149.8500000
20170124;148.2500000
20170125;150.2800000
20170126;147.7100000
20170127;150.3300000
20170130;153.6800000
20170131;150.5900000
20170201;150.0500000
20170202;149.8200000
20170203;148.8500000
20170206;149.3800000
20170207;148.3000000
20170208;148.2200000
20170209;145.3400000
20170210;142.6700000
20170213;141.1100000
20170214;141.2700000
20170215;140.4500000
20170216;139.9300000
20170217;139.2600000
20170220;138.5900000
20170221;138.6000000
20170222;138.6300000
20170224;136.5100000
20170227;137.1500000
20170228;135.7000000
20170301;133.4500000
20170302;134.0500000
20170303;131.1500000
20170306;134.8400000
20170307;135.1300000
20170309;132.0500000
20170310;129.2500000
20170313;128.7000000
20170314;130.0200000
20170315;129.2300000
20170316;128.4200000
20170317;128.1300000
20170320;129.3400000
20170321;129.0200000
20170322;129.0700000
20170323;131.7900000
20170324;130.7700000
20170327;129.4500000
20170328;129.0000000
20170329;129.1300000
20170330;129.1500000
20170331;128.4900000
20170403;128.0900000
20170404;127.5500000
20170405;128.8800000
20170406;130.1800000
20170407;129.7000000
20170410;128.1000000
20170411;125.9700000
20170412;127.0600000
20170413;125.6500000
20170414;124.2700000
20170417;123.0100000
20170418;124.0900000
20170419;122.3600000
20170420;121.3000000
20170421;122.1500000
20170424;123.5600000
20170425;128.5000000
20170426;130.1900000
20170427;133.3700000
20170428;136.0000000
20170502;137.2500000
20170503;136.4500000
20170504;135.8900000
20170505;133.7000000
20170510;134.9800000
20170511;134.5700000
20170512;131.4100000
20170515;132.7900000
20170516;131.4100000
20170517;130.9700000
20170518;131.3700000
20170519;127.3000000
20170522;124.4900000
20170523;122.5800000
20170524;123.3000000
20170525;122.3200000
20170526;121.4000000
20170529;122.4100000
20170530;122.7200000
20170531;122.2500000
20170601;120.2900000
20170602;117.8000000
20170605;119.5900000
20170606;119.0900000
20170607;119.3300000
20170608;119.1900000
20170609;119.3200000
20170613;120.2900000
20170614;118.2600000
20170615;115.2500000
20170616;115.8100000
20170619;116.0000000
20170620;117.5100000
20170621;117.5000000
20170622;117.7800000
20170623;119.5200000
20170626;119.5000000
20170627;118.4000000
20170628;118.7200000
20170629;120.1800000
20170630;118.9500000
20170703;119.1700000
20170704;120.0000000
20170705;122.9500000
20170706;122.8200000
20170707;122.1900000
20170710;123.2600000
20170711;124.3800000
20170712;125.0100000
20170713;124.7900000
20170714;125.6700000
20170717;125.3900000
20170718;125.0900000
20170719;118.4400000
20170720;120.2900000
20170721;120.2100000
20170724;118.5400000
20170725;119.1600000
20170726;118.3500000
20170727;119.1200000
20170728;118.1600000
20170731;116.7100000
20170801;116.8300000
20170802;118.0000000
20170803;119.1300000
20170804;119.3400000
20170807;119.3200000
20170808;119.4700000
20170809;119.3900000
20170810;118.7100000
20170811;117.5600000
20170814;117.1800000
20170815;117.1200000
20170816;117.8000000
20170817;116.7200000
20170818;115.8500000
20170821;116.1000000
20170822;115.9900000
20170823;116.0900000
20170824;115.7700000
20170825;116.8200000
20170828;117.7900000
20170829;118.5000000
20170830;118.4000000
20170831;117.9500000
20170901;118.0200000
20170904;117.0300000
20170905;117.5500000
20170906;116.0000000
20170907;117.6100000
20170908;118.2000000
20170911;120.8100000
20170912;121.2200000
20170913;121.9900000
20170914;123.5700000
20170915;122.8900000
20170918;122.5000000
20170919;122.7200000
20170920;121.8800000
20170921;122.1100000
20170922;122.3600000
20170925;121.9800000
20170926;123.2700000
20170927;123.1800000
20170928;123.2800000
20170929;122.5000000
20171002;122.2900000
20171003;121.8100000
20171004;120.6800000
20171005;121.7900000
20171006;123.5400000
20171009;123.7000000
20171010;125.0000000
20171011;124.5400000
20171012;126.0400000
20171013;126.0000000
20171016;127.1100000
20171017;127.0500000
20171018;125.4400000
20171019;126.7800000
20171020;125.8100000
20171023;127.0600000
20171024;126.8900000
20171025;126.5500000
20171026;124.9900000
20171027;124.5700000
20171030;125.9600000
20171031;126.1200000
20171101;126.3400000
20171102;125.8800000
20171103;125.7100000
20171107;127.0600000
20171108;132.1000000
20171109;132.3100000
20171110;131.0500000
20171113;132.6400000
20171114;133.0700000
20171115;132.0100000
20171116;131.7900000
20171117;129.6500000
20171120;129.8000000
20171121;130.4500000
20171122;133.0100000
20171123;132.5000000
20171124;131.5600000
20171127;133.6100000
20171128;133.2900000
20171129;134.8600000
20171130;133.0000000
20171201;132.4700000
20171204;133.0100000
20171205;133.4700000
20171206;133.3200000
20171207;133.6600000
20171208;133.4200000
20171211;132.3500000
20171212;134.6900000
20171213;135.1800000
20171214;135.4200000
20171215;135.7200000
20171218;135.6400000
20171219;134.1300000
20171220;133.9600000
20171221;133.0000000
20171222;132.1500000
20171225;132.7200000
20171226;132.2300000
20171227;131.2900000
20171228;130.8800000
20171229;130.4200000
20180103;131.0300000
20180104;132.5000000
20180105;135.8000000
20180109;138.0000000
20180110;140.4900000
20180111;143.2300000
20180112;144.2100000
20180115;144.3300000
20180116;143.1600000
20180117;144.5100000
20180118;148.7900000
20180119;149.9400000
20180122;149.0900000
20180123;150.8000000
20180124;148.5100000
20180125;150.0200000
20180126;149.4000000
20180129;146.7700000
20180130;144.0000000
20180131;142.9800000
20180201;143.4300000
20180202;145.6800000
20180205;142.8700000
20180206;141.7300000
20180207;142.4500000
20180208;140.4700000
20180209;135.9900000
20180212;136.8700000
20180213;138.0000000
20180214;140.0300000
20180215;139.7900000
20180216;137.8500000
20180219;137.3600000
20180220;138.7800000
20180221;140.9000000
20180222;143.4300000
20180226;148.0700000
20180227;147.2000000
20180228;145.5000000
20180301;141.0000000
20180302;139.6300000
20180305;138.8000000
20180306;142.2500000
20180307;139.9600000
20180309;138.8000000
20180312;140.4400000
20180313;141.1000000
20180314;141.8200000
20180315;138.5800000
20180316;138.6600000
20180319;141.2000000
20180320;140.2500000
20180321;142.7000000
20180322;141.7300000
20180323;138.7800000
20180326;142.0100000
20180327;139.2300000
20180328;140.0100000
20180329;140.7100000
20180330;143.0000000
20180402;142.3900000
20180403;140.3200000
20180404;141.0200000
20180405;140.6600000
20180406;140.1300000
20180409;140.9300000
20180410;134.9500000
20180411;141.0000000
20180412;145.7100000
20180413;146.0000000
20180416;141.0300000
20180417;142.4500000
20180418;142.6700000
20180419;145.2000000
20180420;143.3000000
20180423;144.3000000
20180424;144.0000000
20180425;143.5000000
20180426;143.0100000
20180427;145.8100000
20180428;144.5000000
20180430;144.3200000
20180502;145.3300000
20180503;144.6500000
20180504;143.4000000
20180507;144.5700000
20180508;143.7800000
20180510;145.9800000
20180511;146.4800000
20180514;151.2700000
20180515;150.4800000
20180516;148.6000000
20180517;149.1500000
20180518;147.2000000
20180521;146.0000000
20180522;146.9700000
20180523;146.1800000
20180524;146.3000000
20180525;145.6300000
20180528;145.4100000
20180529;145.5800000
20180530;144.0000000
20180531;143.3000000
20180601;144.5800000
20180604;144.5300000
20180605;146.5300000
20180606;146.3500000
20180607;147.1000000
20180608;145.9600000
20180609;143.3100000
20180611;144.0300000
20180613;142.5800000
20180614;140.8800000
20180615;139.7000000
20180618;138.0800000
20180619;136.0100000
20180620;136.5000000
20180621;136.6000000
20180622;135.0000000
20180625;136.5800000
20180626;137.4400000
20180627;138.0100000
20180628;138.9800000
20180629;139.3200000
20180702;140.8300000
20180703;144.1000000
20180704;142.4000000
20180705;142.1700000
20180706;145.7000000
20180709;145.7500000
20180710;148.1300000
20180711;146.7600000
20180712;144.7100000
20180713;145.3200000
20180716;146.7900000
20180717;146.5900000
20180718;138.8600000
20180719;138.3900000
20180720;137.5300000
20180723;136.5800000
20180724;138.5700000
20180725;138.0800000
20180726;138.8400000
20180727;138.4000000
20180730;137.5800000
20180731;138.7100000
20180801;143.0000000
20180802;141.7500000
20180803;140.2000000
20180806;142.4300000
20180807;141.3500000
20180808;142.7100000
20180809;143.4000000
20180810;144.6800000
20180813;143.9000000
20180814;143.4900000
20180815;141.0200000
20180816;141.4600000
20180817;140.8700000
20180820;141.9700000
20180821;141.5700000
20180822;143.5000000
20180823;143.8100000
20180824;141.7000000
20180827;143.5100000
20180828;144.5700000
20180829;145.7500000
20180830;147.8700000
20180831;145.7000000
20180903;149.9500000
20180904;148.8600000
20180905;147.2000000
20180906;147.1600000
20180907;146.9600000
20180910;149.0000000
20180911;150.7500000
20180912;152.8600000
20180913;154.6000000
20180914;153.3300000
20180917;151.9900000
20180918;155.5000000
20180919;157.5200000
20180920;157.1000000
20180921;154.6400000
20180924;158.4800000
20180925;159.4800000
20180926;161.2600000
20180927;159.3400000
20180928;162.0000000
20181001;163.4300000
20181002;162.0200000
20181003;163.0000000
20181004;169.6000000
20181005;167.8000000
20181008;171.9900000
20181009;172.5900000
20181010;172.1100000
20181011;162.4000000
20181012;163.2000000
20181015;167.5800000
20181016;163.9100000
20181017;167.1400000
20181018;163.8000000
20181019;160.7000000
20181022;161.5000000
20181023;154.4800000
20181024;154.8900000
20181025;152.7000000
20181026;155.1900000
20181029;152.0000000
20181030;151.9800000
20181031;152.0000000
20181101;155.0900000
20181102;154.1100000
20181106;154.6600000
20181107;156.0900000
20181108;158.0000000
20181109;156.5800000
20181112;153.3600000
20181113;150.4700000
20181114;148.3400000
20181115;152.7700000
20181116;154.3100000
20181119;153.5000000
20181120;153.8000000
20181121;151.2300000
20181122;152.4000000
20181123;153.4400000
20181126;151.7400000
20181127;149.9200000
20181128;154.2200000
20181129;166.6000000
20181130;164.4000000
20181203;164.2000000
20181204;164.9200000
20181205;161.2900000
20181206;162.9000000
20181207;160.8300000
20181210;161.5000000
20181211;160.8000000
20181212;158.0000000
20181213;154.9500000
20181214;155.9600000
20181217;155.1600000
20181218;152.4000000
20181219;151.1000000
20181220;150.2300000
20181221;151.4100000
20181224;150.6600000
20181225;148.3600000
20181226;147.4700000
20181227;151.0000000
20181228;151.6800000
20181229;153.6900000
20190103;154.1300000
20190104;156.7400000
20190108;158.6500000
20190109;158.8800000
20190110;159.7400000
20190111;160.2100000
20190114;159.8400000
20190115;160.9700000
20190116;158.3500000
20190117;157.2100000
20190118;158.1700000
20190121;159.0200000
20190122;157.8600000
20190123;158.2200000
20190124;159.7100000
20190125;161.6100000
20190128;162.4000000
20190129;160.1400000
20190130;162.5100000
20190131;166.0000000
20190201;162.4700000
20190204;163.3700000
20190205;163.4500000
20190206;164.4400000
20190207;162.8800000
20190208;159.1700000
20190211;160.4300000
20190212;161.5000000
20190213;163.9400000
20190214;157.3500000
20190215;155.9900000
20190218;159.2500000
20190219;156.4900000
20190220;154.6700000
20190221;154.8400000
20190222;153.5100000
20190225;155.0100000
20190226;153.9200000
20190227;155.7000000
20190228;156.3700000
20190301;158.9200000
20190304;156.7500000
20190305;154.0400000
20190306;153.3500000
20190307;154.0000000
20190311;151.9000000
20190312;152.2400000
20190313;151.2500000
20190314;153.3500000
20190315;152.9800000
20190318;154.1700000
20190319;155.8400000
20190320;155.5400000
20190321;156.3000000
20190322;155.0200000
20190325;151.2200000
20190326;151.9900000
20190327;150.9000000
20190328;149.6800000
20190329;150.1700000
20190401;150.2700000
20190402;154.8500000
20190403;155.3500000
20190404;156.8000000
20190405;158.3700000
20190408;158.8700000
20190409;160.4500000
20190410;162.4000000
20190411;162.3700000
20190412;158.5700000
20190415;160.0000000
20190416;158.9900000
20190417;163.0000000
20190418;163.6200000
20190419;161.9400000
20190422;163.2100000
20190423;163.5800000
20190424;162.9300000
20190425;160.1900000
20190426;159.0500000
20190429;161.2000000
20190430;164.0300000
20190502;163.6700000
20190503;166.2100000
20190506;164.9800000
20190507;165.0100000
20190508;164.4900000
20190510;163.6100000
20190513;163.5400000
20190514;163.0000000
20190515;193.0300000
20190516;194.6100000
20190517;201.8100000
20190520;200.2000000
20190521;201.4000000
20190522;208.9200000
20190523;207.1000000
20190524;209.4900000
20190527;204.2500000
20190528;206.0000000
20190529;202.1000000
20190530;207.9000000
20190531;212.0000000
20190603;214.4000000
20190604;233.5000000
20190605;230.2500000
20190606;230.0000000
20190607;233.1300000
20190610;230.9600000
20190611;232.3300000
20190613;233.7400000
20190614;234.3800000
20190617;231.5500000
20190618;229.6800000
20190619;232.5000000
20190620;234.0000000
20190621;232.5000000
20190624;229.5400000
20190625;232.0200000
20190626;232.5200000
20190627;233.0100000
20190628;233.2100000
20190701;234.1600000
20190702;246.2500000
20190703;246.0100000
20190704;251.6000000
20190705;255.2000000
20190708;250.1100000
20190709;248.6500000
20190710;250.6500000
20190711;250.2100000
20190712;247.0700000
20190715;246.9800000
20190716;240.1000000
20190717;223.5600000
20190718;219.0000000
20190719;219.4900000
20190722;215.9600000
20190723;217.5000000
20190724;218.4700000
20190725;208.0000000
20190726;217.0000000
20190729;234.1200000
20190730;236.2000000
20190731;237.4300000
20190801;234.5400000
20190802;231.2000000
20190805;225.9800000
20190806;223.6200000
20190807;226.9200000
20190808;230.5600000
20190809;231.4500000
20190812;231.0100000
20190813;229.8100000
20190814;231.1000000
20190815;227.6500000
20190816;228.3500000
20190819;226.0000000
20190820;226.7900000
20190821;231.7200000
20190822;231.0000000
20190823;232.6800000
20190826;228.8000000
20190827;228.9200000
20190828;226.5200000
20190829;228.8700000
20190830;233.6700000
20190902;231.9300000
20190903;233.4000000
20190904;232.7000000
20190905;234.6400000
20190906;235.8000000
20190909;235.0100000
20190910;234.5000000
20190911;233.0300000
20190912;234.4000000
20190913;232.6000000
20190916;233.9200000
20190917;234.5900000
20190918;233.0000000
20190919;233.2000000
20190920;230.7500000
20190923;230.5100000
20190924;230.4000000
20190925;227.0500000
20190926;228.7400000
20190927;231.9500000
20190930;229.0300000
20191001;225.9900000
20191002;226.2000000
20191003;223.5500000
20191004;224.3000000
20191007;221.8600000
20191008;226.5500000
20191009;223.1000000
20191010;222.9900000
20191011;225.0100000
20191014;227.3800000
20191015;225.9900000
20191016;225.8500000
20191017;227.6600000
20191018;227.8800000
20191021;228.2400000
20191022;228.5900000
20191023;234.8600000
20191024;236.4600000
20191025;244.1700000
20191028;247.3400000
20191029;244.0300000
20191030;252.8500000
20191031;262.2900000
20191101;260.1100000
20191105;266.0200000
20191106;263.1100000
20191107;266.0100000
20191108;269.9000000
20191111;265.0000000
20191112;260.8200000
20191113;256.1100000
20191114;252.5500000
20191115;248.5000000
20191118;250.0100000
20191119;246.5000000
20191120;246.9400000
20191121;252.0000000
20191122;253.1200000
20191125;252.1200000
20191126;255.6000000
20191127;253.8000000
20191128;253.4800000
20191129;253.8900000
20191202;258.4500000
20191203;253.2000000
20191204;248.5000000
20191205;249.5000000
20191206;246.5000000
20191209;247.9800000
20191210;248.9000000
20191211;246.8400000
20191212;247.6400000
20191213;251.1100000
20191216;249.9000000
20191217;251.2400000
20191218;252.0000000
20191219;250.9500000
20191220;252.7100000
20191223;251.5000000
20191224;255.6000000
20191225;254.9000000
20191226;253.4500000
20191227;254.3300000
20191230;257.0900000
20200103;259.1000000
20200106;258.9100000
20200108;256.2500000
20200109;255.6600000
20200110;253.9900000
20200113;252.5000000
20200114;252.0000000
20200115;249.5000000
20200116;251.8700000
20200117;254.7600000
20200120;255.6500000
20200121;253.3700000
20200122;252.8100000
20200123;246.9000000
20200124;240.1200000
20200127;235.0100000
20200128;232.6100000
20200129;236.9000000
20200130;230.7000000
20200131;232.5300000
20200203;223.8100000
20200204;228.4700000
20200205;230.8900000
20200206;234.0400000
20200207;232.3800000
20200210;228.5800000
20200211;226.5600000
20200212;235.2000000
20200213;236.9000000
20200214;233.7900000
20200217;233.4000000
20200218;232.9700000
20200219;231.8400000
20200220;232.5500000
20200221;233.2000000
20200225;227.9900000
20200226;223.3200000
20200227;220.9900000
20200228;210.0000000
20200302;207.9900000
20200303;204.7800000
20200304;199.9000000
20200305;203.0000000
20200306;193.4900000
20200310;169.4500000
20200311;173.9800000
20200312;163.4000000
20200313;164.0800000
20200316;163.5600000
20200317;168.9600000
20200318;164.9000000
20200319;168.7700000
20200320;179.9800000
20200323;171.0300000
20200324;174.3600000
20200325;182.8000000
20200326;179.4500000
20200327;181.2000000
20200330;171.9900000
20200331;178.5000000
20200401;178.0500000
20200402;183.8000000
20200403;187.0300000
20200406;192.2500000
20200407;192.7200000
20200408;189.7500000
20200409;195.6900000
20200410;191.8600000
20200413;192.2500000
20200414;189.5700000
20200415;189.1600000
20200416;185.1500000
20200417;187.0700000
20200420;184.1100000
20200421;183.1700000
20200422;181.0900000
20200423;189.9800000
20200424;187.9400000
20200427;186.5300000
20200428;185.9300000
20200429;189.7800000
20200430;195.4400000
20200504;188.0000000
20200505;188.3900000
20200506;190.5300000
20200507;187.5200000
20200508;186.3400000
20200512;184.8800000
20200513;185.5500000
20200514;183.2700000
20200515;185.6200000
20200518;185.4000000
20200519;193.0000000
20200520;193.5700000
20200521;196.1000000
20200522;194.0000000
20200525;195.2100000
20200526;198.8000000
20200527;196.1000000
20200528;194.4000000
20200529;196.2500000
20200601;200.2500000
20200602;199.4800000
20200603;203.1000000
20200604;207.9900000
20200605;202.5600000
20200608;204.9500000
20200609;205.4100000
20200610;204.8800000
20200611;200.1900000
20200615;193.8500000
20200616;196.0600000
20200617;197.7200000
20200618;195.4400000
20200619;194.1700000
20200622;195.3500000
20200623;194.7800000
20200625;191.8000000
20200626;192.8000000
20200629;192.6700000
20200630;197.9000000
20200702;195.3100000
20200703;195.6500000
20200706;199.2100000
20200707;199.7000000
20200708;198.0000000
20200709;201.4800000
20200710;198.2500000
20200713;201.6000000
20200714;195.0900000
20200715;180.6000000
20200716;181.2000000
20200717;183.8000000
20200720;184.6700000
20200721;188.9900000
20200722;187.0300000
20200723;187.5000000
20200724;184.8300000
20200727;185.6000000
20200728;185.1300000
20200729;184.5000000
20200730;184.4400000
20200731;182.6000000
20200803;182.5100000
20200804;184.0600000
20200805;183.5200000
20200806;189.5600000
20200807;188.4400000
20200810;187.4900000
20200811;187.8800000
20200812;190.4700000
20200813;192.5000000
20200814;194.2500000
20200817;193.8400000
20200818;190.0700000
20200819;190.5000000
20200820;188.8000000
20200821;187.2500000
20200824;185.3700000
20200825;187.4500000
20200826;186.2200000
20200827;187.5000000
20200828;184.9600000
20200831;183.1200000
20200901;181.4000000
20200902;184.8000000
20200903;182.4000000
20200904;178.9800000
20200907;178.8200000
20200908;177.0000000
20200909;172.7800000
20200910;173.8000000
20200911;174.3300000
20200914;178.4500000
20200915;178.1300000
20200916;182.6900000
20200917;181.7800000
20200918;184.4000000
20200921;181.3600000
20200922;176.5800000
20200923;179.8100000
20200924;176.0000000
20200925;175.1200000
20200928;174.2400000
20200929;172.7600000
20200930;171.0200000
20201001;171.1800000
20201002;167.5000000
20201005;170.1200000
20201006;170.7000000
20201007;171.7500000
20201008;168.1800000
20201009;167.8000000
20201012;167.6600000
20201013;169.1300000
20201014;166.6100000
20201015;166.8500000
20201016;167.2200000
20201019;164.7600000
20201020;163.7400000
20201021;166.8000000
20201022;163.8500000
20201023;165.1500000
20201026;164.4400000
20201027;162.1800000
20201028;158.9800000
20201029;155.0800000
20201030;155.0900000
20201102;153.9600000
20201103;158.2100000
20201105;163.8100000
20201106;163.0000000
20201109;166.7200000
20201110;169.0300000
20201111;173.5000000
20201112;170.2000000
20201113;172.8800000
20201116;181.0200000
20201117;185.1000000
20201118;182.2600000
20201119;185.2000000
20201120;184.1000000
20201123;183.6400000
20201124;185.0300000
20201125;187.0100000
20201126;188.2500000
20201127;185.1300000
20201130;185.1000000
20201201;182.6000000
20201202;185.0000000
20201203;186.9800000
20201204;186.2000000
20201207;188.2200000
20201208;190.3400000
20201209;190.3000000
20201210;189.5500000
20201211;193.0500000
20201214;203.5000000
20201215;199.0100000
20201216;201.0100000
20201217;206.7000000
20201218;214.0000000
20201221;209.9100000
20201222;200.7400000
20201223;209.0000000
20201224;208.5400000
20201225;206.2000000
20201228;205.5300000
20201229;206.9500000
20201230;209.8800000
20210104;212.7100000
20210105;213.2000000
20210106;215.4800000
20210108;217.1400000
20210111;225.0500000
20210112;229.0000000
20210113;229.2900000
20210114;226.4900000
20210115;227.5000000
20210118;225.5500000
20210119;227.6600000
20210120;223.0000000
20210121;224.4000000
20210122;216.4500000
20210125;216.9000000
20210126;216.8000000
20210127;219.4900000
20210128;215.9100000
20210129;216.7500000
20210201;214.6100000
20210202;215.5000000
20210203;215.4100000
20210204;218.7100000
20210205;220.6800000
20210208;223.0600000
20210209;229.0000000
20210210;227.9800000
20210211;223.4500000
20210212;220.7800000
20210215;228.4900000
20210216;229.9500000
20210217;232.3200000
